Mouche Gladiator,19.99,24.99,29.99,img/gladiator/gladiator-small.jpeg,img/mouche-gladiator.jpeg,img/gladiator/gladiator-big.jpeg,Sa robustesse adapté àl'apprentissage la Gladiator est parfaite pour les débutants elle saura aussi satisfaire les experts comme tank en combat 2v2.,&#9733; &#9733; &#9733; &#9733; &#9734;,La mouche Gladiator a 4 étoiles de résistance quand elle est à l'age adulte sinon cela peut descendre à 3,&#9733; &#9733; &#9734; &#9734; &#9734;,La mouche Gladiator a 2 étoiles d'endurance car elle est assez lourde,&#9733; &#9733; &#9733; &#9733; &#9734;,La mouche Gladiator a 4 étoiles de force, grâce à cela elle peut facilement gagner des combats
Mouche Electrizer,29.99,34.99,39.99,img/mouche-electrizer.jpeg,img/mouche-gladiator.jpeg,img//mouche-spider.jpeg,La Gladiator est parfaite pour les débutants elle saura aussi satisfaire les experts comme tank en combat 2v2.,&#9733; &#9733; &#9733; &#9733; &#9733;,La mouche Electrizer a 5 étoiles de maniabilité quand elle est à l'âge adulte sinon cela peut descendre à 3.,&#9733; &#9733; &#9733; &#9733; &#9734;,La mouche Electrizer a 4 étoiles d'endurance quand elle est à l'âge adulte sinon cela peut descendre à 2.,&#9733; &#9733; &#9733; &#9733; &#9733;,Grace à son attaque electrizer la mouche electrizer à de tres grande faciliter à éliminer ces adversaire
Mouche Spider,39.99,44.99,49.99,img/mouche-spider.jpeg,img/mouche-gladiator.jpeg,img//mouche-spider.jpeg,La Gladiator est parfaite pour les débutants elle saura aussi satisfaire les experts comme tank en combat 2v2.,&#9733; &#9733; &#9733; &#9733; &#9733;,
Mouche Guêpe,19.99,24.99,29.99,img/mouche-guepe.jpeg,img/mouche-gladiator.jpeg,img//mouche-spider.jpeg,Sa robustesse adapté àl'apprentissage la Gladiator est parfaite pour les débutants elle saura aussi satisfaire les experts comme tank en combat 2v2.,&#9733; &#9733; &#9733; &#9733; &#9733;,
Mouche Samouraï,29.99,34.99,39.99,img/mouche-samourai.jpeg,img/mouche-gladiator.jpeg,img//mouche-spider.jpeg,La Gladiator est parfaite pour les débutants elle saura aussi satisfaire les experts comme tank en combat 2v2.,&#9733; &#9733; &#9733; &#9733; &#9733;,
Mouche Tornado,39.99,44.99,49.99,img/mouche-tornado.jpeg,img/mouche-gladiator.jpeg,img//mouche-spider.jpeg,La Gladiator est parfaite pour les débutants elle saura aussi satisfaire les experts comme tank en combat 2v2.,&#9733; &#9733; &#9733; &#9733; &#9733;,
Mouche Viper,39.99,44.99,49.99,img/mouche-viper.jpeg,img/mouche-viper-baby.jpeg,img//mouche-spider.jpeg,La Gladiator est parfaite pour les débutants elle saura aussi satisfaire les experts comme tank en combat 2v2.,&#9733; &#9733; &#9733; &#9733; &#9733;,
Mouche Gladiator,19.99,24.99,29.99,img/mouche-gladiator-baby.jpeg,img/mouche-gladiator.jpeg,img//mouche-spider.jpeg,Sa robustesse adapté àl'apprentissage la Gladiator est parfaite pour les débutants elle saura aussi satisfaire les experts comme tank en combat 2v2.,&#9733; &#9733; &#9733; &#9733; &#9734;,La mouche Gladiator a 4 étoiles de résistance quand elle est à l'age adulte sinon cela peut descendre à 3,&#9733; &#9733; &#9734; &#9734; &#9734;,La mouche Gladiator a 2 étoiles d'endurance car elle est assez lourde,&#9733; &#9733; &#9733; &#9733; &#9734;,La mouche Gladiator a 4 étoiles de force, grâce à cela elle peut facilement gagner des combats
Mouche Electrizer,29.99,34.99,39.99,img/mouche-electrizer.jpeg,img/mouche-gladiator.jpeg,img//mouche-spider.jpeg,La Gladiator est parfaite pour les débutants elle saura aussi satisfaire les experts comme tank en combat 2v2.,&#9733; &#9733; &#9733; &#9733; &#9733;,La mouche Electrizer a 5 étoiles de maniabilité quand elle est à l'âge adulte sinon cela peut descendre à 3.,&#9733; &#9733; &#9733; &#9733; &#9734;,La mouche Electrizer a 4 étoiles d'endurance quand elle est à l'âge adulte sinon cela peut descendre à 2.,&#9733; &#9733; &#9733; &#9733; &#9733;,Grace à son attaque electrizer la mouche electrizer à de tres grande faciliter à éliminer ces adversaire
Mouche Spider,39.99,44.99,49.99,img/mouche-spider.jpeg,img/mouche-gladiator.jpeg,img//mouche-spider.jpeg,La Gladiator est parfaite pour les débutants elle saura aussi satisfaire les experts comme tank en combat 2v2.,&#9733; &#9733; &#9733; &#9733; &#9733;,
Mouche Guêpe,19.99,24.99,29.99,img/mouche-guepe.jpeg,img/mouche-gladiator.jpeg,img//mouche-spider.jpeg,Sa robustesse adapté àl'apprentissage la Gladiator est parfaite pour les débutants elle saura aussi satisfaire les experts comme tank en combat 2v2.,&#9733; &#9733; &#9733; &#9733; &#9733;,
Mouche Samouraï,29.99,34.99,39.99,img/mouche-samourai.jpeg,img/mouche-gladiator.jpeg,img//mouche-spider.jpeg,La Gladiator est parfaite pour les débutants elle saura aussi satisfaire les experts comme tank en combat 2v2.,&#9733; &#9733; &#9733; &#9733; &#9733;,
Mouche Tornado,39.99,44.99,49.99,img/mouche-tornado.jpeg,img/mouche-gladiator.jpeg,img//mouche-spider.jpeg,La Gladiator est parfaite pour les débutants elle saura aussi satisfaire les experts comme tank en combat 2v2.,&#9733; &#9733; &#9733; &#9733; &#9733;,
Mouche Viper,39.99,44.99,49.99,img/mouche-viper.jpeg,img/mouche-viper-baby.jpeg,img//mouche-spider.jpeg,La Gladiator est parfaite pour les débutants elle saura aussi satisfaire les experts comme tank en combat 2v2.,&#9733; &#9733; &#9733; &#9733; &#9733;,
